cat;sscat;subcat;J;BA;BC;AC;nb
85ZA1-c;Olivine;all;3.6581;0.37722;0.41284;0.53562;4017
85ZA1-c;Olivine;neo;2.4396;0.29605;0.29453;0.49848;1535
85ZA1-c;Olivine;porph;3.8082;0.42001;0.48684;0.56684;2482
85ZA1-c;Orthopyroxene;all;5.3331;0.64208;0.30851;0.16643;2343
85ZA1-c;Orthopyroxene;neo;2.1912;0.62318;0.30251;0.17933;1309
85ZA1-c;Orthopyroxene;porph;6.372;0.62751;0.30875;0.18124;1034
85ZA1-c;Clinopyroxene;all;6.751;0.20485;0.3446;0.63975;572
85ZA1-c;Clinopyroxene;neo;4.287;0.26248;0.20091;0.43843;344
85ZA1-c;Clinopyroxene;porph;10.0072;0.38582;0.57278;0.68697;228
85ZA45-NEW-c;Olivine;all;1.3925;0.50972;0.34082;0.3311;37447
85ZA45-NEW-c;Olivine;neo;1.1537;0.41482;0.29636;0.38154;22652
85ZA45-NEW-c;Olivine;porph;1.7807;0.64247;0.42099;0.27852;14795
85ZA45-NEW-c;Orthopyroxene;all;3.4769;0.45451;0.42202;0.4675;9377
85ZA45-NEW-c;Orthopyroxene;neo;1.1618;0.41195;0.36052;0.44856;7211
85ZA45-NEW-c;Orthopyroxene;porph;5.5106;0.50283;0.5806;0.57778;2166
85ZA45-NEW-c;Clinopyroxene;all;12.1878;0.41077;0.71016;0.79938;264
85ZA45-NEW-c;Clinopyroxene;neo;14.1051;0.39224;0.64609;0.75386;220
85ZA45-NEW-c;Clinopyroxene;porph;18.7028;0.37514;0.39719;0.52204;44
85ZA11-c;Olivine;all;2.0695;0.59168;0.35593;0.26425;47801
85ZA11-c;Olivine;neo;1.9563;0.55942;0.42671;0.36729;24232
85ZA11-c;Olivine;porph;2.3196;0.62272;0.39686;0.27414;23569
85ZA11-c;Orthopyroxene;all;7.3735;0.32051;0.60141;0.78089;2054
85ZA11-c;Orthopyroxene;neo;1.2651;0.55077;0.76744;0.71666;1284
85ZA11-c;Orthopyroxene;porph;16.6864;0.44828;0.58281;0.63454;770
85ZA11-c;Clinopyroxene;all;12.5522;0.56699;0.6181;0.55112;429
85ZA11-c;Clinopyroxene;neo;10.5382;0.58247;0.58745;0.50498;292
85ZA11-c;Clinopyroxene;porph;41.0431;0.47045;0.64885;0.6784;137
85ZA22A-c;Olivine;all;3.4156;0.36949;0.50433;0.63483;11436
85ZA22A-c;Olivine;neo;1.8395;0.3045;0.46708;0.66258;3692
85ZA22A-c;Olivine;porph;3.5531;0.39748;0.51876;0.62129;7744
85ZA22A-c;Orthopyroxene;all;7.7564;0.68021;0.42333;0.24312;5543
85ZA22A-c;Orthopyroxene;neo;3.9803;0.59166;0.44446;0.3528;2948
85ZA22A-c;Orthopyroxene;porph;9.5213;0.72821;0.34493;0.11672;2595
85ZA22A-c;Clinopyroxene;all;8.7464;0.63264;0.54545;0.41281;1272
85ZA22A-c;Clinopyroxene;neo;24.6929;0.59226;0.52072;0.42846;982
85ZA22A-c;Clinopyroxene;porph;10.0687;0.47568;0.58058;0.60491;290
85ZA37-c;Olivine;all;2.4289;0.37498;0.43943;0.56445;8733
85ZA37-c;Olivine;neo;1.4856;0.31439;0.42472;0.61033;5079
85ZA37-c;Olivine;porph;2.7011;0.43358;0.44668;0.5131;3654
85ZA37-c;Orthopyroxene;all;6.0702;0.45371;0.23362;0.27991;3752
85ZA37-c;Orthopyroxene;neo;2.4127;0.55603;0.34436;0.28833;2017
85ZA37-c;Orthopyroxene;porph;7.4748;0.5053;0.27445;0.26915;1735
85ZA37-c;Clinopyroxene;all;2.3354;0.43298;0.48679;0.55381;2207
85ZA37-c;Clinopyroxene;neo;2.1907;0.59417;0.74568;0.65151;1290
85ZA37-c;Clinopyroxene;porph;2.9334;0.32572;0.36987;0.54415;917
85Z31C-DETAIL-c;Olivine;all;2.6172;0.36006;0.54927;0.68921;25284
85Z31C-DETAIL-c;Olivine;neo;1.1836;0.36815;0.55569;0.68754;19919
85Z31C-DETAIL-c;Olivine;porph;4.9519;0.3825;0.54836;0.66586;5365
85Z31C-DETAIL-c;Orthopyroxene;all;1.5089;0.41151;0.59022;0.67872;23942
85Z31C-DETAIL-c;Orthopyroxene;neo;1.0927;0.38669;0.57861;0.69191;21468
85Z31C-DETAIL-c;Orthopyroxene;porph;6.1844;0.38558;0.48943;0.60386;2474
85Z31C-DETAIL-c;Clinopyroxene;all;19.504;0.13033;0.26355;0.63323;61
85Z31C-DETAIL-c;Clinopyroxene;neo;20.1254;0.10849;0.21216;0.60367;60
85Z31C-DETAIL-c;Clinopyroxene;porph;266.6666;0.5;0.5;0.5;1
85ZA1-DETAIL-c;Olivine;all;3.525;0.50799;0.48463;0.47664;2786
85ZA1-DETAIL-c;Olivine;neo;2.7897;0.47525;0.43992;0.46466;1445
85ZA1-DETAIL-c;Olivine;porph;3.7442;0.53475;0.52669;0.49194;1341
85ZA1-DETAIL-c;Orthopyroxene;all;10.2062;0.59849;0.42167;0.32318;2733
85ZA1-DETAIL-c;Orthopyroxene;neo;2.7513;0.59828;0.41351;0.31524;1725
85ZA1-DETAIL-c;Orthopyroxene;porph;14.2572;0.59818;0.43503;0.33686;1008
85ZA1-DETAIL-c;Clinopyroxene;all;29.2375;0.61663;0.67424;0.55761;324
85ZA1-DETAIL-c;Clinopyroxene;neo;10.1118;0.59936;0.71194;0.61258;208
85ZA1-DETAIL-c;Clinopyroxene;porph;56.7657;0.62612;0.59283;0.4667;116
85ZA11-DETAIL-c;Olivine;all;2.5936;0.33712;0.2122;0.37508;68800
85ZA11-DETAIL-c;Olivine;neo;2.305;0.30282;0.20222;0.3994;48133
85ZA11-DETAIL-c;Olivine;porph;4.1455;0.41669;0.29893;0.38223;20667
85ZA11-DETAIL-c;Orthopyroxene;all;1.0926;0.31313;0.69066;0.87753;8640
85ZA11-DETAIL-c;Orthopyroxene;neo;1.0783;0.44639;0.74709;0.8007;7043
85ZA11-DETAIL-c;Orthopyroxene;porph;1.4464;0.4544;0.82644;0.87205;1597
85ZA11-DETAIL-c;Clinopyroxene;all;2.0288;0.51892;0.70897;0.69004;3488
85ZA11-DETAIL-c;Clinopyroxene;neo;1.9753;0.52028;0.72584;0.70557;2839
85ZA11-DETAIL-c;Clinopyroxene;porph;2.8985;0.51801;0.6523;0.63429;649
85ZA11-MICRO1-c;Olivine;all;2.5219;0.25886;0.16909;0.41022;17030
85ZA11-MICRO1-c;Olivine;neo;2.5593;0.23265;0.17275;0.44011;12803
85ZA11-MICRO1-c;Olivine;porph;2.6827;0.33782;0.22817;0.39035;4227
85ZA11-MICRO1-c;Orthopyroxene;all;1.0508;0.60368;0.49942;0.39575;8580
85ZA11-MICRO1-c;Orthopyroxene;neo;1.0494;0.52095;0.43332;0.41237;7334
85ZA11-MICRO1-c;Orthopyroxene;porph;1.2593;0.63657;0.74505;0.60848;1246
85ZA11-MICRO1-c;Clinopyroxene;all;2.8223;0.46663;0.58501;0.61838;1265
85ZA11-MICRO1-c;Clinopyroxene;neo;2.7397;0.46533;0.57019;0.60486;1104
85ZA11-MICRO1-c;Clinopyroxene;porph;6.8833;0.49007;0.68412;0.69405;161
85ZA11-MICRO2-c;Olivine;all;2.2066;0.39509;0.34858;0.4535;12894
85ZA11-MICRO2-c;Olivine;neo;2.282;0.37635;0.32981;0.45346;10004
85ZA11-MICRO2-c;Olivine;porph;2.3426;0.45881;0.41798;0.45918;2890
85ZA11-MICRO2-c;Orthopyroxene;all;1.0663;0.57884;0.63259;0.55374;12006
85ZA11-MICRO2-c;Orthopyroxene;neo;1.0624;0.5651;0.69313;0.62804;10121
85ZA11-MICRO2-c;Orthopyroxene;porph;1.3153;0.50921;0.49493;0.48572;1885
85ZA11-MICRO2-c;Clinopyroxene;all;2.9749;0.39936;0.48061;0.58125;995
85ZA11-MICRO2-c;Clinopyroxene;neo;3.0826;0.39626;0.46363;0.56737;871
85ZA11-MICRO2-c;Clinopyroxene;porph;7.55;0.40194;0.53962;0.63768;124
85ZA7B-DETAIL-c;Olivine;all;2.1773;0.48172;0.43237;0.45065;20064
85ZA7B-DETAIL-c;Olivine;neo;1.7888;0.47438;0.43939;0.46501;15943
85ZA7B-DETAIL-c;Olivine;porph;3.095;0.5028;0.42969;0.42689;4121
85ZA7B-DETAIL-c;Orthopyroxene;all;1.6013;0.43106;0.44302;0.51195;18350
85ZA7B-DETAIL-c;Orthopyroxene;neo;1.2771;0.42992;0.41179;0.48186;16571
85ZA7B-DETAIL-c;Orthopyroxene;porph;4.5772;0.4839;0.59937;0.61547;1779
85ZA7B-DETAIL-c;Clinopyroxene;all;21.6849;0.59824;0.42777;0.32953;1208
85ZA7B-DETAIL-c;Clinopyroxene;neo;3.0616;0.58332;0.43737;0.35405;1088
85ZA7B-DETAIL-c;Clinopyroxene;porph;57.745;0.78519;0.52624;0.24104;120
85ZA7B-NEW-c;Olivine;all;1.9792;0.44312;0.47899;0.53587;34754
85ZA7B-NEW-c;Olivine;neo;1.5122;0.42498;0.46718;0.54221;20700
85ZA7B-NEW-c;Olivine;porph;2.365;0.4614;0.52032;0.55892;14054
85ZA7B-NEW-c;Orthopyroxene;all;5.0052;0.59897;0.25113;0.15216;10323
85ZA7B-NEW-c;Orthopyroxene;neo;1.1684;0.30452;0.17106;0.36654;6389
85ZA7B-NEW-c;Orthopyroxene;porph;6.7524;0.52938;0.34121;0.31183;3934
85ZA7B-NEW-c;Clinopyroxene;all;10.8491;0.64079;0.68794;0.54715;3311
85ZA7B-NEW-c;Clinopyroxene;neo;2.012;0.56818;0.62591;0.55772;2258
85ZA7B-NEW-c;Clinopyroxene;porph;14.8364;0.47048;0.58396;0.61348;1053
85ZA45-AREA1-DETAIL-c;Olivine;all;1.6711;0.30172;0.41342;0.6117;5954
85ZA45-AREA1-DETAIL-c;Olivine;neo;1.5883;0.32191;0.41831;0.5964;4651
85ZA45-AREA1-DETAIL-c;Olivine;porph;2.5024;0.26678;0.411;0.64422;1303
85ZA45-AREA1-DETAIL-c;Orthopyroxene;all;23.8625;0.74127;0.61812;0.37685;7522
85ZA45-AREA1-DETAIL-c;Orthopyroxene;neo;1.4288;0.70049;0.64434;0.44385;6380
85ZA45-AREA1-DETAIL-c;Orthopyroxene;porph;73.3731;0.8237;0.51184;0.18814;1142
85ZA45-AREA1-DETAIL-c;Clinopyroxene;all;232.5115;0.48522;0.37367;0.38845;305
85ZA45-AREA1-DETAIL-c;Clinopyroxene;neo;52.6193;0.49389;0.38796;0.39407;299
85ZA45-AREA1-DETAIL-c;Clinopyroxene;porph;259.0285;0.46105;0.39013;0.42908;6
85ZA45-AREA2-DETAIL-c;Olivine;all;1.3144;0.45688;0.41659;0.45972;51280
85ZA45-AREA2-DETAIL-c;Olivine;neo;1.1207;0.4516;0.45702;0.50542;35814
85ZA45-AREA2-DETAIL-c;Olivine;porph;1.7499;0.53999;0.41576;0.37577;15466
85ZA45-AREA2-DETAIL-c;Orthopyroxene;all;4.471;0.78196;0.49264;0.21068;25638
85ZA45-AREA2-DETAIL-c;Orthopyroxene;neo;1.1073;0.75919;0.47416;0.21497;20261
85ZA45-AREA2-DETAIL-c;Orthopyroxene;porph;14.6896;0.59322;0.47063;0.37742;5377
85ZA45-AREA2-DETAIL-c;Clinopyroxene;all;42.1023;0.58272;0.46411;0.38139;675
85ZA45-AREA2-DETAIL-c;Clinopyroxene;neo;21.0875;0.5896;0.46457;0.37497;655
85ZA45-AREA2-DETAIL-c;Clinopyroxene;porph;61.1004;0.56141;0.47603;0.41462;20
85ZA11Z1-CP-c;Olivine;all;2.5207;0.26449;0.16963;0.40514;16931
85ZA11Z1-CP-c;Olivine;neo;2.5593;0.24181;0.17458;0.43277;12482
85ZA11Z1-CP-c;Olivine;porph;2.6852;0.3289;0.22297;0.39407;4449
85ZA11Z1-CP-c;Orthopyroxene;all;1.0608;0.63449;0.59019;0.4557;7442
85ZA11Z1-CP-c;Orthopyroxene;neo;1.0629;0.62138;0.59455;0.47317;6057
85ZA11Z1-CP-c;Orthopyroxene;porph;1.2558;0.6954;0.62103;0.42563;1385
85ZA11Z1-CP-c;Clinopyroxene;all;2.9132;0.47369;0.60119;0.62751;1194
85ZA11Z1-CP-c;Clinopyroxene;neo;2.8603;0.4721;0.58151;0.60941;1021
85ZA11Z1-CP-c;Clinopyroxene;porph;6.8087;0.48417;0.69777;0.71359;173
85ZA11Z2-CP-c;Olivine;all;2.2035;0.39873;0.34983;0.4511;12988
85ZA11Z2-CP-c;Olivine;neo;2.3137;0.38073;0.33238;0.45166;10020
85ZA11Z2-CP-c;Olivine;porph;2.3347;0.45854;0.41171;0.45317;2968
85ZA11Z2-CP-c;Orthopyroxene;all;1.0726;0.60107;0.62578;0.52471;11488
85ZA11Z2-CP-c;Orthopyroxene;neo;1.0687;0.57141;0.65763;0.58623;9493
85ZA11Z2-CP-c;Orthopyroxene;porph;1.3235;0.50796;0.51313;0.50517;1995
85ZA11Z2-CP-c;Clinopyroxene;all;3.0093;0.39719;0.47962;0.58243;970
85ZA11Z2-CP-c;Clinopyroxene;neo;3.1117;0.39651;0.4708;0.57428;842
85ZA11Z2-CP-c;Clinopyroxene;porph;7.7116;0.40995;0.51513;0.60518;128
85ZA15-c;Olivine;all;3.5127;0.37182;0.41311;0.54129;3728
85ZA15-c;Olivine;neo;2.6193;0.25698;0.34049;0.58352;715
85ZA15-c;Olivine;porph;3.5661;0.39942;0.43236;0.53294;3013
85ZA15-c;Orthopyroxene;all;13.8606;0.59138;0.63358;0.54221;1345
85ZA15-c;Orthopyroxene;neo;3.8866;0.55837;0.49935;0.44098;465
85ZA15-c;Orthopyroxene;porph;14.8848;0.56974;0.65213;0.58239;880
85ZA15-c;Clinopyroxene;all;4.1289;0.61251;0.84677;0.73426;1236
85ZA15-c;Clinopyroxene;neo;3.2798;0.62113;0.60552;0.48439;452
85ZA15-c;Clinopyroxene;porph;5.1464;0.62054;0.77595;0.65542;784
85ZA17-DETAIL-c;Olivine;all;2.5591;0.28831;0.35525;0.56694;14592
85ZA17-DETAIL-c;Olivine;neo;1.8379;0.3118;0.38129;0.56949;5890
85ZA17-DETAIL-c;Olivine;porph;2.6568;0.27472;0.33961;0.56489;8702
85ZA17-DETAIL-c;Orthopyroxene;all;3.0389;0.54739;0.52576;0.47837;6451
85ZA17-DETAIL-c;Orthopyroxene;neo;1.679;0.54417;0.51848;0.4743;3009
85ZA17-DETAIL-c;Orthopyroxene;porph;3.6753;0.5446;0.52694;0.48234;3442
85ZA17-DETAIL-c;Clinopyroxene;all;4.1621;0.73969;0.63877;0.39908;2604
85ZA17-DETAIL-c;Clinopyroxene;neo;2.7184;0.65803;0.65766;0.49962;1434
85ZA17-DETAIL-c;Clinopyroxene;porph;6.3345;0.80346;0.5845;0.28104;1170
85ZA17-c;Olivine;all;2.506;0.37262;0.47405;0.60144;7667
85ZA17-c;Olivine;neo;1.9909;0.40689;0.57044;0.66356;2231
85ZA17-c;Olivine;porph;2.5668;0.35923;0.43989;0.58066;5436
85ZA17-c;Orthopyroxene;all;4.1583;0.68466;0.49403;0.30937;2686
85ZA17-c;Orthopyroxene;neo;3.3267;0.66349;0.54422;0.38073;995
85ZA17-c;Orthopyroxene;porph;4.7016;0.66574;0.47038;0.30463;1691
85ZA17-c;Clinopyroxene;all;3.4974;0.51558;0.66507;0.64949;1666
85ZA17-c;Clinopyroxene;neo;3.0436;0.37012;0.576;0.70589;817
85ZA17-c;Clinopyroxene;porph;5.0234;0.77388;0.73713;0.46325;849
85ZA21-c;Olivine;all;3.8111;0.51316;0.63462;0.62146;4518
85ZA21-c;Olivine;neo;2.4225;0.43418;0.58607;0.65189;1382
85ZA21-c;Olivine;porph;3.9264;0.54632;0.62859;0.58227;3136
85ZA21-c;Orthopyroxene;all;6.2348;0.34806;0.30042;0.45236;1849
85ZA21-c;Orthopyroxene;neo;2.044;0.33049;0.2429;0.41241;967
85ZA21-c;Orthopyroxene;porph;7.3258;0.38324;0.38262;0.49939;882
85ZA21-c;Clinopyroxene;all;4.5951;0.50526;0.47411;0.46886;1218
85ZA21-c;Clinopyroxene;neo;2.8398;0.48757;0.43495;0.44738;655
85ZA21-c;Clinopyroxene;porph;5.9194;0.51157;0.52552;0.51395;563
85ZA22B-c;Olivine;all;2.4624;0.60943;0.5868;0.47737;14482
85ZA22B-c;Olivine;neo;1.5501;0.59478;0.57652;0.48174;6272
85ZA22B-c;Olivine;porph;2.6786;0.62109;0.59364;0.47255;8210
85ZA22B-c;Orthopyroxene;all;3.2666;0.53896;0.52843;0.48947;8163
85ZA22B-c;Orthopyroxene;neo;1.4631;0.5738;0.56465;0.49085;4326
85ZA22B-c;Orthopyroxene;porph;3.9997;0.47994;0.481;0.50106;3837
85ZA22B-c;Clinopyroxene;all;4.442;0.60003;0.59766;0.49763;3176
85ZA22B-c;Clinopyroxene;neo;1.9448;0.47774;0.56183;0.58409;1862
85ZA22B-c;Clinopyroxene;porph;6.3937;0.74643;0.5751;0.32868;1314
85ZA26-c;Olivine;all;4.2306;0.35258;0.38272;0.53014;4995
85ZA26-c;Olivine;neo;2.7603;0.33054;0.37092;0.54038;1828
85ZA26-c;Olivine;porph;4.395;0.37385;0.39836;0.52451;3167
85ZA26-c;Orthopyroxene;all;4.0336;0.72314;0.40721;0.18407;2876
85ZA26-c;Orthopyroxene;neo;1.6302;0.70544;0.44187;0.23642;1564
85ZA26-c;Orthopyroxene;porph;4.9031;0.63703;0.36737;0.23034;1312
85ZA26-c;Clinopyroxene;all;6.6463;0.44776;0.6077;0.65994;620
85ZA26-c;Clinopyroxene;neo;4.3314;0.43945;0.6542;0.71475;401
85ZA26-c;Clinopyroxene;porph;10.6823;0.46272;0.52739;0.56467;219
85ZA26C-c;Olivine;all;2.0887;0.29105;0.38581;0.59476;3177
85ZA26C-c;Olivine;neo;1.7539;0.34118;0.54957;0.70839;1210
85ZA26C-c;Olivine;porph;2.254;0.27211;0.31213;0.54001;1967
85ZA26C-c;Orthopyroxene;all;2.3314;0.49135;0.34638;0.35503;2340
85ZA26C-c;Orthopyroxene;neo;1.8882;0.35762;0.27186;0.41425;853
85ZA26C-c;Orthopyroxene;porph;2.534;0.57723;0.40544;0.32821;1487
85ZA26C-c;Clinopyroxene;all;2.7143;0.65982;0.51966;0.35984;4338
85ZA26C-c;Clinopyroxene;neo;1.9012;0.62019;0.5105;0.39031;1928
85ZA26C-c;Clinopyroxene;porph;3.0315;0.68716;0.508;0.32085;2410
85ZA3-c;Olivine;all;2.2271;0.50696;0.48821;0.48124;8856
85ZA3-c;Olivine;neo;1.7138;0.52936;0.48411;0.45476;1842
85ZA3-c;Olivine;porph;2.2971;0.5011;0.48886;0.48777;7014
85ZA3-c;Orthopyroxene;all;5.3055;0.52997;0.59258;0.56261;4588
85ZA3-c;Orthopyroxene;neo;3.8532;0.57174;0.43995;0.36821;1856
85ZA3-c;Orthopyroxene;porph;6.0905;0.41925;0.44455;0.5253;2732
85ZA3-c;Clinopyroxene;all;12.9111;0.38548;0.25899;0.37351;3138
85ZA3-c;Clinopyroxene;neo;2.7619;0.32032;0.33204;0.51172;1410
85ZA3-c;Clinopyroxene;porph;14.9154;0.64802;0.4341;0.28608;1728
85ZA31B-UMYL-CP-c;Olivine;all;2.5873;0.57613;0.50682;0.43068;4380
85ZA31B-UMYL-CP-c;Olivine;neo;2.7511;0.57097;0.51652;0.44555;3007
85ZA31B-UMYL-CP-c;Olivine;porph;3.0479;0.58507;0.4875;0.40243;1373
85ZA31B-UMYL-CP-c;Orthopyroxene;all;1.4154;0.40544;0.3556;0.45016;3994
85ZA31B-UMYL-CP-c;Orthopyroxene;neo;1.5875;0.44578;0.46969;0.5239;2970
85ZA31B-UMYL-CP-c;Orthopyroxene;porph;2.0059;0.40603;0.37123;0.4652;1024
85ZA31B-UMYL-CP-c;Clinopyroxene;all;6.8165;0.47683;0.6126;0.63576;691
85ZA31B-UMYL-CP-c;Clinopyroxene;neo;6.8228;0.47011;0.60901;0.6389;566
85ZA31B-UMYL-CP-c;Clinopyroxene;porph;14.4731;0.51604;0.63584;0.6198;125
85ZA31C-c;Olivine;all;2.7218;0.56517;0.40401;0.33885;5180
85ZA31C-c;Olivine;neo;1.6482;0.41456;0.42821;0.51366;735
85ZA31C-c;Olivine;porph;2.7692;0.59186;0.41095;0.3191;4445
85ZA31C-c;Orthopyroxene;all;1.5168;0.43045;0.69829;0.76784;2561
85ZA31C-c;Orthopyroxene;neo;1.6114;0.5108;0.78999;0.7792;785
85ZA31C-c;Orthopyroxene;porph;1.6121;0.36569;0.61432;0.74863;1776
85ZA31C-c;Clinopyroxene;all;8.6096;0.32009;0.38418;0.56409;1076
85ZA31C-c;Clinopyroxene;neo;3.9186;0.24938;0.30518;0.5558;382
85ZA31C-c;Clinopyroxene;porph;9.4798;0.37878;0.50798;0.6292;694
85ZA36-c;Olivine;all;2.0396;0.37017;0.53393;0.66377;16695
85ZA36-c;Olivine;neo;1.2758;0.31745;0.50336;0.68591;8638
85ZA36-c;Olivine;porph;2.2966;0.4186;0.56161;0.64301;8057
85ZA36-c;Orthopyroxene;all;3.752;0.34084;0.28126;0.44042;9876
85ZA36-c;Orthopyroxene;neo;2.5391;0.39122;0.28909;0.39788;5046
85ZA36-c;Orthopyroxene;porph;4.2946;0.63136;0.62943;0.49807;4830
85ZA36-c;Clinopyroxene;all;3.6107;0.45427;0.75534;0.80107;4124
85ZA36-c;Clinopyroxene;neo;2.514;0.42638;0.64364;0.71725;2599
85ZA36-c;Clinopyroxene;porph;4.5019;0.63955;0.68702;0.54747;1525
85ZA38-c;Olivine;all;2.0649;0.47202;0.55574;0.58372;10252
85ZA38-c;Olivine;neo;1.2816;0.40516;0.52676;0.62161;5324
85ZA38-c;Olivine;porph;2.2963;0.5279;0.58087;0.55297;4928
85ZA38-c;Orthopyroxene;all;2.1731;0.63885;0.50432;0.36546;3399
85ZA38-c;Orthopyroxene;neo;1.314;0.42616;0.26135;0.33519;1589
85ZA38-c;Orthopyroxene;porph;2.6626;0.60105;0.64751;0.54646;1810
85ZA38-c;Clinopyroxene;all;5.474;0.35297;0.51013;0.65717;1209
85ZA38-c;Clinopyroxene;neo;2.4086;0.5641;0.59311;0.52901;646
85ZA38-c;Clinopyroxene;porph;7.1857;0.33646;0.57612;0.73966;563
85ZA41-c;Olivine;all;2.7167;0.73862;0.87059;0.63198;4160
85ZA41-c;Olivine;neo;1.486;0.72504;0.84179;0.61675;2406
85ZA41-c;Olivine;porph;2.8028;0.7492;0.80101;0.55182;1754
85ZA41-c;Orthopyroxene;all;3.8507;0.77582;0.41048;0.13467;2598
85ZA41-c;Orthopyroxene;neo;3.1843;0.71605;0.39735;0.1813;1685
85ZA41-c;Orthopyroxene;porph;4.3724;0.63726;0.85763;0.72037;913
85ZA41-c;Clinopyroxene;all;9.3013;0.39212;0.28166;0.38954;622
85ZA41-c;Clinopyroxene;neo;11.6647;0.41668;0.30363;0.38696;549
85ZA41-c;Clinopyroxene;porph;14.3733;0.36597;0.51096;0.64499;73
85ZA42B-c;Olivine;all;47.024;0.50565;0.49725;0.4916;85
85ZA42B-c;Olivine;neo;41.03;0.51447;0.50308;0.48861;33
85ZA42B-c;Olivine;porph;48.477;0.49648;0.48867;0.49219;52
85ZA42B-c;Orthopyroxene;all;2.0108;0.56022;0.40148;0.34126;1578
85ZA42B-c;Orthopyroxene;neo;3.5175;0.62772;0.40995;0.28223;686
85ZA42B-c;Orthopyroxene;porph;2.0652;0.5067;0.39923;0.39252;892
85ZA42B-c;Clinopyroxene;all;3.4593;0.53334;0.51014;0.47681;1816
85ZA42B-c;Clinopyroxene;neo;2.7393;0.44345;0.31358;0.37013;991
85ZA42B-c;Clinopyroxene;porph;3.5736;0.53197;0.64018;0.60821;825
85ZA43-c;Olivine;all;2.238;0.51566;0.69125;0.67559;1855
85ZA43-c;Olivine;neo;1.6984;0.46266;0.6306;0.66794;1412
85ZA43-c;Olivine;porph;3.7372;0.70531;0.81987;0.61456;443
85ZA43-c;Orthopyroxene;all;1.2249;0.55404;0.52297;0.46893;7695
85ZA43-c;Orthopyroxene;neo;1.1466;0.5797;0.47015;0.39045;6304
85ZA43-c;Orthopyroxene;porph;1.706;0.62806;0.70664;0.57858;1391
85ZA43-c;Clinopyroxene;all;13.2766;0.6576;0.58558;0.42799;243
85ZA43-c;Clinopyroxene;neo;13.477;0.6688;0.60191;0.43311;234
85ZA43-c;Clinopyroxene;porph;48.7549;0.408;0.23601;0.32801;9
85ZA43B-UMYL-CP-c;Olivine;all;1.226;0.50056;0.80116;0.8006;10254
85ZA43B-UMYL-CP-c;Olivine;neo;1.3079;0.49584;0.78444;0.7886;7406
85ZA43B-UMYL-CP-c;Olivine;porph;1.3691;0.53597;0.83645;0.80048;2848
85ZA43B-UMYL-CP-c;Orthopyroxene;all;1.5756;0.5081;0.76422;0.75612;11955
85ZA43B-UMYL-CP-c;Orthopyroxene;neo;1.5975;0.502;0.76299;0.76098;8804
85ZA43B-UMYL-CP-c;Orthopyroxene;porph;1.8361;0.51062;0.68121;0.67058;3151
85ZA43B-UMYL-CP-c;Clinopyroxene;all;10.2369;0.41653;0.49686;0.58033;501
85ZA43B-UMYL-CP-c;Clinopyroxene;neo;10.3294;0.41841;0.49912;0.58071;486
85ZA43B-UMYL-CP-c;Clinopyroxene;porph;26.5745;0.54528;0.62761;0.58232;15
85ZA43B-c;Olivine;all;1.1208;0.57847;0.83091;0.75243;53802
85ZA43B-c;Olivine;neo;1.1369;0.67662;0.92768;0.75106;34981
85ZA43B-c;Olivine;porph;1.1728;0.52559;0.66238;0.63679;18821
85ZA43B-c;Orthopyroxene;all;1.5692;0.5007;0.81926;0.81856;9184
85ZA43B-c;Orthopyroxene;neo;1.5295;0.49036;0.8031;0.81274;6953
85ZA43B-c;Orthopyroxene;porph;1.7671;0.48945;0.81657;0.82712;2231
85ZA43B-c;Clinopyroxene;all;31.4972;0.46307;0.35763;0.39456;14
85ZA43B-c;Clinopyroxene;neo;30.305;0.45774;0.45617;0.49843;12
85ZA43B-c;Clinopyroxene;porph;136.7085;0.53011;0.60801;0.57791;2
85ZA45-MICROZ1-c;Olivine;all;1.4333;0.41886;0.2811;0.36224;6306
85ZA45-MICROZ1-c;Olivine;neo;1.411;0.43685;0.2896;0.35274;4760
85ZA45-MICROZ1-c;Olivine;porph;1.8558;0.37651;0.25477;0.37826;1546
85ZA45-MICROZ1-c;Orthopyroxene;all;15.918;0.36573;0.15272;0.28698;2567
85ZA45-MICROZ1-c;Orthopyroxene;neo;4.139;0.36137;0.15517;0.2938;2271
85ZA45-MICROZ1-c;Orthopyroxene;porph;49.9433;0.44659;0.42483;0.47824;296
85ZA45-MICROZ1-c;Clinopyroxene;all;68.4596;0.53566;0.4214;0.38575;196
85ZA45-MICROZ1-c;Clinopyroxene;neo;13.4435;0.55151;0.43619;0.38468;193
85ZA45-MICROZ1-c;Clinopyroxene;porph;137.1505;0.38425;0.40777;0.52352;3
85ZA45-MICROZ2-c;Olivine;all;1.298;0.45662;0.46731;0.51068;7534
85ZA45-MICROZ2-c;Olivine;neo;1.2452;0.44462;0.41679;0.47217;5730
85ZA45-MICROZ2-c;Olivine;porph;1.8564;0.5114;0.59141;0.58002;1804
85ZA45-MICROZ2-c;Orthopyroxene;all;8.6485;0.35565;0.11692;0.26127;3366
85ZA45-MICROZ2-c;Orthopyroxene;neo;1.2117;0.44947;0.17756;0.2281;2913
85ZA45-MICROZ2-c;Orthopyroxene;porph;35.3397;0.70487;0.49441;0.28954;453
85ZA45-MICROZ2-c;Clinopyroxene;all;117.0195;0.6038;0.50227;0.39847;132
85ZA45-MICROZ2-c;Clinopyroxene;neo;24.212;0.59678;0.49351;0.39673;128
85ZA45-MICROZ2-c;Clinopyroxene;porph;132.4711;0.65433;0.73948;0.58515;4
85ZA45-MICROZ3-c;Olivine;all;1.7775;0.47992;0.39823;0.41831;9762
85ZA45-MICROZ3-c;Olivine;neo;1.2267;0.43949;0.36166;0.42217;7205
85ZA45-MICROZ3-c;Olivine;porph;2.8685;0.54269;0.45214;0.40945;2557
85ZA45-MICROZ3-c;Orthopyroxene;all;14.8496;0.83733;0.51407;0.17674;4787
85ZA45-MICROZ3-c;Orthopyroxene;neo;1.2443;0.82801;0.50589;0.17788;4099
85ZA45-MICROZ3-c;Orthopyroxene;porph;26.3063;0.73227;0.50874;0.27647;688
85ZA45-MICROZ3-c;Clinopyroxene;all;61.9035;0.2733;0.32552;0.55222;131
85ZA45-MICROZ3-c;Clinopyroxene;neo;39.8419;0.32895;0.3685;0.53956;125
85ZA45-MICROZ3-c;Clinopyroxene;porph;94.0212;0.55744;0.50475;0.44731;6
85ZA48-DETAIL-c;Olivine;all;1.2913;0.22628;0.32421;0.59793;36820
85ZA48-DETAIL-c;Olivine;neo;1.2636;0.12018;0.21986;0.59968;21993
85ZA48-DETAIL-c;Olivine;porph;1.3868;0.35582;0.42331;0.56749;14827
85ZA48-DETAIL-c;Orthopyroxene;all;3.6853;0.404;0.60713;0.70313;18391
85ZA48-DETAIL-c;Orthopyroxene;neo;1.2235;0.4408;0.59299;0.65219;14460
85ZA48-DETAIL-c;Orthopyroxene;porph;15.8941;0.49561;0.31223;0.31662;3931
85ZA48-DETAIL-c;Clinopyroxene;all;23.4504;0.38314;0.33875;0.45561;707
85ZA48-DETAIL-c;Clinopyroxene;neo;15.7101;0.37086;0.34858;0.47772;660
85ZA48-DETAIL-c;Clinopyroxene;porph;55.2514;0.63779;0.47748;0.33969;47
85ZA48-c;Olivine;all;1.2914;0.37789;0.33754;0.45965;41159
85ZA48-c;Olivine;neo;1.1583;0.2548;0.34795;0.59315;19062
85ZA48-c;Olivine;porph;1.4192;0.5728;0.43905;0.36625;22097
85ZA48-c;Orthopyroxene;all;2.8462;0.7655;0.49045;0.22495;9740
85ZA48-c;Orthopyroxene;neo;1.1128;0.83605;0.50394;0.16789;6831
85ZA48-c;Orthopyroxene;porph;5.8428;0.52425;0.45358;0.42932;2909
85ZA48-c;Clinopyroxene;all;20.1736;0.5737;0.45701;0.3833;409
85ZA48-c;Clinopyroxene;neo;5.0277;0.61682;0.48691;0.37009;352
85ZA48-c;Clinopyroxene;porph;33.4286;0.5373;0.42373;0.38643;57
85ZA50-c;Olivine;all;2.0857;0.47919;0.70761;0.72842;24626
85ZA50-c;Olivine;neo;1.2538;0.57084;0.7712;0.70036;13558
85ZA50-c;Olivine;porph;2.489;0.43924;0.67296;0.73373;11068
85ZA50-c;Orthopyroxene;all;1.9704;0.39391;0.70088;0.80697;9861
85ZA50-c;Orthopyroxene;neo;1.3976;0.43319;0.7495;0.81632;6789
85ZA50-c;Orthopyroxene;porph;2.6418;0.29276;0.50476;0.71199;3072
85ZA50-c;Clinopyroxene;all;7.2115;0.73498;0.61997;0.38499;674
85ZA50-c;Clinopyroxene;neo;4.7644;0.71341;0.49985;0.28644;508
85ZA50-c;Clinopyroxene;porph;8.5612;0.45666;0.63964;0.68299;166
85ZA51-DETAIL-c;Olivine;all;2.0102;0.32621;0.33331;0.50711;5949
85ZA51-DETAIL-c;Olivine;neo;1.6518;0.29893;0.31917;0.52023;3068
85ZA51-DETAIL-c;Olivine;porph;2.1595;0.35433;0.34732;0.493;2881
85ZA51-DETAIL-c;Orthopyroxene;all;4.2255;0.50517;0.75418;0.74901;2098
85ZA51-DETAIL-c;Orthopyroxene;neo;3.5569;0.47298;0.75774;0.78476;1427
85ZA51-DETAIL-c;Orthopyroxene;porph;6.8334;0.56832;0.74701;0.67869;671
85ZA51-DETAIL-c;Clinopyroxene;all;18.5318;0.57915;0.69283;0.61368;129
85ZA51-DETAIL-c;Clinopyroxene;neo;19.0624;0.57404;0.66511;0.59107;121
85ZA51-DETAIL-c;Clinopyroxene;porph;41.7669;0.72357;0.61472;0.39115;8
85ZA51-c;Olivine;all;1.9383;0.40324;0.39085;0.48761;4923
85ZA51-c;Olivine;neo;1.5696;0.37416;0.41253;0.53837;1792
85ZA51-c;Olivine;porph;2.0525;0.42982;0.38117;0.45135;3131
85ZA51-c;Orthopyroxene;all;4.1177;0.60003;0.78126;0.68123;763
85ZA51-c;Orthopyroxene;neo;3.7968;0.57013;0.78429;0.71416;450
85ZA51-c;Orthopyroxene;porph;5.353;0.61081;0.73239;0.62158;313
85ZA51-c;Clinopyroxene;all;14.6282;0.52903;0.82673;0.7977;47
85ZA51-c;Clinopyroxene;neo;15.1596;0.52766;0.79579;0.76813;44
85ZA51-c;Clinopyroxene;porph;98.8169;0.49358;0.74184;0.74827;3
85ZA61A-c;Olivine;all;138.0728;0.5;0.5;0.5;1
85ZA61A-c;Olivine;neo;138.0728;0.5;0.5;0.5;1
85ZA63-c;Olivine;all;1.3117;0.3356;0.18805;0.35245;3841
85ZA63-c;Olivine;neo;1.2438;0.27456;0.13668;0.36212;3275
85ZA63-c;Olivine;porph;2.1414;0.47094;0.29516;0.32422;566
85ZA63-c;Orthopyroxene;all;2.4959;0.22915;0.34016;0.611;6147
85ZA63-c;Orthopyroxene;neo;1.258;0.23001;0.3335;0.6035;4464
85ZA63-c;Orthopyroxene;porph;4.0163;0.32109;0.45219;0.63109;1683
85ZA63-c;Clinopyroxene;all;3.2094;0.59179;0.45554;0.36375;31310
85ZA63-c;Clinopyroxene;neo;1.3901;0.59074;0.4786;0.38786;25138
85ZA63-c;Clinopyroxene;porph;9.8881;0.518;0.38703;0.36903;6172
85ZA65-c;Olivine;all;3.3573;0.4755;0.43721;0.46171;981
85ZA65-c;Olivine;neo;1.9189;0.48089;0.43543;0.45454;396
85ZA65-c;Olivine;porph;3.4584;0.49937;0.42831;0.42895;585
85ZA65-c;Orthopyroxene;all;2.927;0.49626;0.48777;0.49151;680
85ZA65-c;Orthopyroxene;neo;3.204;0.69057;0.58074;0.39016;255
85ZA65-c;Orthopyroxene;porph;3.1059;0.37521;0.43808;0.56288;425
85ZA65-c;Clinopyroxene;all;8.7311;0.2717;0.3088;0.53711;346
85ZA65-c;Clinopyroxene;neo;6.7209;0.33235;0.40308;0.57074;138
85ZA65-c;Clinopyroxene;porph;9.1421;0.37414;0.42654;0.5524;208
85ZA66-c;Olivine;all;94.7629;0.46463;0.53428;0.56965;8
85ZA66-c;Olivine;neo;94.7629;0.46463;0.53428;0.56965;8
85ZA71-1-c;Olivine;all;4.8279;0.35969;0.42179;0.5621;3407
85ZA71-1-c;Olivine;neo;2.6423;0.31363;0.37086;0.55723;1490
85ZA71-1-c;Olivine;porph;5.0827;0.39316;0.45949;0.56633;1917
85ZA71-1-c;Orthopyroxene;all;6.1804;0.5728;0.52471;0.4519;2257
85ZA71-1-c;Orthopyroxene;neo;2.0037;0.56973;0.51583;0.4461;1250
85ZA71-1-c;Orthopyroxene;porph;7.5715;0.56304;0.52134;0.4583;1007
85ZA71-1-c;Clinopyroxene;all;5.4503;0.35906;0.44329;0.58423;953
85ZA71-1-c;Clinopyroxene;neo;3.0304;0.46323;0.43847;0.47524;561
85ZA71-1-c;Clinopyroxene;porph;7.4967;0.38793;0.56823;0.6803;392
85ZA71-12-NEW-c;Olivine;all;2.7325;0.31733;0.31097;0.49364;3130
85ZA71-12-NEW-c;Olivine;neo;2.5291;0.40346;0.36309;0.45963;1517
85ZA71-12-NEW-c;Olivine;porph;2.9149;0.24112;0.26868;0.52756;1613
85ZA71-12-NEW-c;Orthopyroxene;all;3.9793;0.66669;0.60079;0.4341;1208
85ZA71-12-NEW-c;Orthopyroxene;neo;3.5549;0.6824;0.60413;0.42173;606
85ZA71-12-NEW-c;Orthopyroxene;porph;4.6153;0.63443;0.57121;0.43677;602
85ZA71-12-NEW-c;Clinopyroxene;all;7.4455;0.57529;0.70645;0.63116;2746
85ZA71-12-NEW-c;Clinopyroxene;neo;2.3539;0.52449;0.60218;0.57769;1342
85ZA71-12-NEW-c;Clinopyroxene;porph;8.5131;0.59038;0.76359;0.67321;1404
85ZA71-13-c;Olivine;all;3.113;0.27974;0.26729;0.48756;49389
85ZA71-13-c;Olivine;neo;1.8903;0.27471;0.25298;0.47827;39938
85ZA71-13-c;Olivine;porph;4.9543;0.30727;0.33235;0.52508;9451
85ZA71-13-c;Orthopyroxene;all;1.0858;0.49697;0.64774;0.65076;34494
85ZA71-13-c;Orthopyroxene;neo;1.0865;0.50101;0.6521;0.65109;31582
85ZA71-13-c;Orthopyroxene;porph;1.1579;0.45155;0.50576;0.55422;2912
85ZA71-13-c;Clinopyroxene;all;12.7036;0.65907;0.54379;0.38472;64
85ZA71-13-c;Clinopyroxene;neo;12.2205;0.7109;0.64068;0.42979;58
85ZA71-13-c;Clinopyroxene;porph;146.3157;0.50028;0.60045;0.60017;6
85ZA71-13LARGE-c;Olivine;all;2.8762;0.34911;0.41658;0.56747;3293
85ZA71-13LARGE-c;Olivine;neo;1.6296;0.20259;0.21165;0.50906;1074
85ZA71-13LARGE-c;Olivine;porph;3.0649;0.37583;0.50984;0.634;2219
85ZA71-13LARGE-c;Orthopyroxene;all;2.8069;0.6659;0.71999;0.5541;93
85ZA71-13LARGE-c;Orthopyroxene;neo;3.5779;0.67043;0.71781;0.54738;68
85ZA71-13LARGE-c;Orthopyroxene;porph;6.488;0.41042;0.45531;0.54488;25
85ZA71-2-c;Olivine;all;1.4482;0.44753;0.37643;0.4289;38867
85ZA71-2-c;Olivine;neo;1.6058;0.35543;0.3627;0.50727;14595
85ZA71-2-c;Olivine;porph;1.4872;0.51201;0.38516;0.37314;24272
85ZA71-2-c;Orthopyroxene;all;1.1097;0.43781;0.51073;0.57292;10060
85ZA71-2-c;Orthopyroxene;neo;1.0966;0.17455;0.22134;0.54678;4770
85ZA71-2-c;Orthopyroxene;porph;1.1837;0.44355;0.49659;0.55304;5290
85ZA71-2-c;Clinopyroxene;all;24.9195;0.83903;0.57924;0.24021;24
85ZA71-2-c;Clinopyroxene;neo;25.9064;0.80727;0.58803;0.28077;23
85ZA71-2-c;Clinopyroxene;porph;263.7423;0.5;0.5;0.5;1
85ZA71-3-c;Olivine;all;2.8832;0.55321;0.55907;0.50586;7521
85ZA71-3-c;Olivine;neo;1.7052;0.46481;0.5894;0.62459;3039
85ZA71-3-c;Olivine;porph;3.0187;0.60195;0.55003;0.44807;4482
85ZA71-3-c;Orthopyroxene;all;14.3536;0.43297;0.63942;0.70645;162
85ZA71-3-c;Orthopyroxene;neo;44.2087;0.55815;0.61384;0.55569;78
85ZA71-3-c;Orthopyroxene;porph;3.3481;0.39466;0.66432;0.76965;84
85ZA71-3-c;Clinopyroxene;all;4.0729;0.36841;0.56537;0.69696;5481
85ZA71-3-c;Clinopyroxene;neo;1.8434;0.42054;0.68491;0.76437;2475
85ZA71-3-c;Clinopyroxene;porph;4.5906;0.33152;0.46645;0.63493;3006
85ZA71-c;Olivine;all;2.7805;0.37273;0.38693;0.5142;11551
85ZA71-c;Olivine;neo;2.17;0.49875;0.59152;0.59277;4008
85ZA71-c;Olivine;porph;2.8803;0.31413;0.306;0.49188;7543
85ZA71-c;Orthopyroxene;all;3.6059;0.25806;0.28352;0.52546;8200
85ZA71-c;Orthopyroxene;neo;1.3902;0.23585;0.14834;0.4125;3317
85ZA71-c;Orthopyroxene;porph;4.2937;0.29959;0.37722;0.57763;4883
85ZA71-c;Clinopyroxene;all;3.6981;0.2912;0.32074;0.52954;1889
85ZA71-c;Clinopyroxene;neo;3.9272;0.30545;0.32714;0.52169;1143
85ZA71-c;Clinopyroxene;porph;4.6561;0.26731;0.30714;0.53984;746
85ZA9-c;Olivine;all;3.0216;0.48433;0.53002;0.54569;5326
85ZA9-c;Olivine;neo;2.0364;0.40164;0.45108;0.54944;2183
85ZA9-c;Olivine;porph;3.2389;0.53451;0.57345;0.53894;3143
85ZA9-c;Orthopyroxene;all;2.7875;0.50457;0.28004;0.27547;2851
85ZA9-c;Orthopyroxene;neo;1.6742;0.55744;0.22702;0.16958;1377
85ZA9-c;Orthopyroxene;porph;3.5391;0.49022;0.38254;0.39232;1474
85ZA9-c;Clinopyroxene;all;4.0597;0.27709;0.32066;0.54357;4277
85ZA9-c;Clinopyroxene;neo;2.2443;0.3427;0.34973;0.50702;2205
85ZA9-c;Clinopyroxene;porph;4.613;0.24035;0.31819;0.57784;2072
85ZF2-c;Olivine;all;3.452;0.17976;0.23437;0.55462;4900
85ZF2-c;Olivine;neo;1.878;0.14656;0.20996;0.56341;2895
85ZF2-c;Olivine;porph;3.8315;0.22471;0.26881;0.54411;2005
85ZF2-c;Orthopyroxene;all;5.3559;0.68075;0.50505;0.3243;2674
85ZF2-c;Orthopyroxene;neo;1.6083;0.65764;0.43315;0.27551;1659
85ZF2-c;Orthopyroxene;porph;6.467;0.69468;0.59412;0.39943;1015
85ZF2-c;Clinopyroxene;all;3.7891;0.72498;0.83318;0.6082;1536
85ZF2-c;Clinopyroxene;neo;2.2808;0.75214;0.76182;0.50968;999
85ZF2-c;Clinopyroxene;porph;5.6156;0.6981;0.68562;0.48752;537
86Z30-c;Olivine;all;3.6671;0.51698;0.42876;0.41178;1497
86Z30-c;Olivine;neo;2.0213;0.49061;0.46024;0.46963;738
86Z30-c;Olivine;porph;3.7632;0.54482;0.40427;0.35945;759
86Z30-c;Orthopyroxene;all;4.762;0.34927;0.34016;0.49089;1353
86Z30-c;Orthopyroxene;neo;9.3687;0.35804;0.30434;0.4463;686
86Z30-c;Orthopyroxene;porph;4.8281;0.34151;0.41051;0.569;667
86Z30-c;Clinopyroxene;all;4.8856;0.35106;0.24071;0.38965;484
86Z30-c;Clinopyroxene;neo;11.0696;0.42704;0.28424;0.35721;213
86Z30-c;Clinopyroxene;porph;5.0191;0.37246;0.33374;0.46128;271
86Z31A-c;Olivine;all;2.6103;0.36694;0.35139;0.48445;1999
86Z31A-c;Olivine;neo;1.6653;0.32058;0.33217;0.51159;986
86Z31A-c;Olivine;porph;2.7152;0.3786;0.33134;0.45275;1013
86Z31A-c;Orthopyroxene;all;5.9984;0.43305;0.68505;0.752;1306
86Z31A-c;Orthopyroxene;neo;3.4428;0.4285;0.66386;0.73537;658
86Z31A-c;Orthopyroxene;porph;6.3474;0.5057;0.62644;0.62073;648
86Z31A-c;Clinopyroxene;all;5.586;0.64673;0.58293;0.43621;393
86Z31A-c;Clinopyroxene;neo;8.5886;0.66813;0.50379;0.33566;198
86Z31A-c;Clinopyroxene;porph;5.9033;0.48115;0.4682;0.48705;195
86Z31B-c;Olivine;all;12.2818;0.71236;0.5261;0.31375;106
86Z31B-c;Olivine;neo;8.755;0.69263;0.55598;0.36334;90
86Z31B-c;Olivine;porph;33.1493;0.72097;0.4181;0.19714;16
86Z31B-c;Orthopyroxene;all;3.0226;0.62006;0.38753;0.26747;1097
86Z31B-c;Orthopyroxene;neo;3.8015;0.70318;0.3707;0.16752;676
86Z31B-c;Orthopyroxene;porph;3.2456;0.62234;0.47227;0.34993;421
86Z31B-c;Clinopyroxene;all;4.979;0.53857;0.67524;0.63666;890
86Z31B-c;Clinopyroxene;neo;4.2435;0.75279;0.69956;0.44677;546
86Z31B-c;Clinopyroxene;porph;5.2128;0.40637;0.52465;0.61828;344
86Z31C-c;Olivine;all;1.6579;0.38556;0.58861;0.70305;32095
86Z31C-c;Olivine;neo;1.1178;0.39384;0.60415;0.71031;24148
86Z31C-c;Olivine;porph;2.7517;0.41374;0.52199;0.60826;7947
86Z31C-c;Orthopyroxene;all;3.7145;0.38347;0.51111;0.62763;17524
86Z31C-c;Orthopyroxene;neo;1.1267;0.36783;0.47783;0.61001;14579
86Z31C-c;Orthopyroxene;porph;16.4474;0.36994;0.54641;0.67647;2945
86Z31C-c;Clinopyroxene;all;34.2713;0.46144;0.47188;0.51044;204
86Z31C-c;Clinopyroxene;neo;56.581;0.44055;0.47909;0.53854;191
86Z31C-c;Clinopyroxene;porph;77.7416;0.91875;0.51421;0.095462;13
